Workbook

Sheet Sheet1
B1: X | C1: Y | D1: X- avg(X) | E1: Y-avg(Y) | F1: (X-avg(X) . (Y-avg(Y)) | G1: (X-avg(X))^2 | H1: (Y-avg(Y))^2 | I1: ŷ (GD) | K1: Calculations | M1: Cross Check
B2: 1 | C2: 4 | D2: =B2-$B$12 -> 0.5 | E2: =C2-$C$12 -> 0.94444444 | F2: =D2*E2 -> 0.47222222 | G2: =D2*D2 -> 0.25 | H2: =E2*E2 -> 0.89197531 | I2: ='Gradient Descent'!$B$202 + 'Gradient Descent'!$C$202*B2 -> 3.6445707 | K2: Slope | L2: =F11/G11 -> 1.1780303 | M2: =SLOPE(C2:C10,B2:B10) -> 1.1780303
B3: -2 | C3: 3 | D3: =B3-$B$12 -> -2.5 | E3: =C3-$C$12 -> -0.055555556 | F3: =D3*E3 -> 0.13888889 | G3: =D3*D3 -> 6.25 | H3: =E3*E3 -> 0.0030864198 | I3: ='Gradient Descent'!$B$202 + 'Gradient Descent'!$C$202*B3 -> 0.11047979 | K3: Intercept | L3: =C12-L2*(B12) -> 2.4665404 | M3: =INTERCEPT(C2:C10,B2:B10) -> 2.4665404
B4: 3 | C4: 6 | D4: =B4-$B$12 -> 2.5 | E4: =C4-$C$12 -> 2.9444444 | F4: =D4*E4 -> 7.3611111 | G4: =D4*D4 -> 6.25 | H4: =E4*E4 -> 8.6697531 | I4: ='Gradient Descent'!$B$202 + 'Gradient Descent'!$C$202*B4 -> 6.0006313 | K4: R-squared | L4: =((F11)^2)/(G11*H11) -> 0.80895653 | M4: =RSQ(C2:C10,B2:B10) -> 0.80895653
B5: 4.5 | C5: 8 | D5: =B5-$B$12 -> 4 | E5: =C5-$C$12 -> 4.9444444 | F5: =D5*E5 -> 19.777778 | G5: =D5*D5 -> 16 | H5: =E5*E5 -> 24.447531 | I5: ='Gradient Descent'!$B$202 + 'Gradient Descent'!$C$202*B5 -> 7.7676768
B6: 0 | C6: 2 | D6: =B6-$B$12 -> -0.5 | E6: =C6-$C$12 -> -1.0555556 | F6: =D6*E6 -> 0.52777778 | G6: =D6*D6 -> 0.25 | H6: =E6*E6 -> 1.1141975 | I6: ='Gradient Descent'!$B$202 + 'Gradient Descent'!$C$202*B6 -> 2.4665404
B7: -4 | C7: -3 | D7: =B7-$B$12 -> -4.5 | E7: =C7-$C$12 -> -6.0555556 | F7: =D7*E7 -> 27.25 | G7: =D7*D7 -> 20.25 | H7: =E7*E7 -> 36.669753 | I7: ='Gradient Descent'!$B$202 + 'Gradient Descent'!$C$202*B7 -> -2.2455808
B8: -1 | C8: -2 | D8: =B8-$B$12 -> -1.5 | E8: =C8-$C$12 -> -5.0555556 | F8: =D8*E8 -> 7.5833333 | G8: =D8*D8 -> 2.25 | H8: =E8*E8 -> 25.558642 | I8: ='Gradient Descent'!$B$202 + 'Gradient Descent'!$C$202*B8 -> 1.2885101
B9: 4 | C9: 7 | D9: =B9-$B$12 -> 3.5 | E9: =C9-$C$12 -> 3.9444444 | F9: =D9*E9 -> 13.805556 | G9: =D9*D9 -> 12.25 | H9: =E9*E9 -> 15.558642 | I9: ='Gradient Descent'!$B$202 + 'Gradient Descent'!$C$202*B9 -> 7.1786616
B10: -1 | C10: 2.5 | D10: =B10-$B$12 -> -1.5 | E10: =C10-$C$12 -> -0.55555556 | F10: =D10*E10 -> 0.83333333 | G10: =D10*D10 -> 2.25 | H10: =E10*E10 -> 0.30864198 | I10: ='Gradient Descent'!$B$202 + 'Gradient Descent'!$C$202*B10 -> 1.2885101
A11: Sum | B11: =SUM(B2:B10) -> 4.5 | C11: =SUM(C2:C10) -> 27.5 | D11: =SUM(D2:D10) -> 0 | E11: =SUM(E2:E10) -> 0 | F11: =SUM(F2:F10) -> 77.75 | G11: =SUM(G2:G10) -> 66 | H11: =SUM(H2:H10) -> 113.22222 | I11: =SUM(I2:I10) -> 27.5
A12: Average | B12: =AVERAGE(B2:B10) -> 0.5 | C12: =AVERAGE(C2:C10) -> 3.0555556 | D12: =AVERAGE(D2:D10) -> 0 | E12: =AVERAGE(E2:E10) -> 0 | F12: =AVERAGE(F2:F10) -> 8.6388889 | G12: =AVERAGE(G2:G10) -> 7.3333333 | H12: =AVERAGE(H2:H10) -> 12.580247 | I12: =AVERAGE(I2:I10) -> 3.0555556

Sheet Gradient Descent
A1: Iterations | B1: Intercept (θ₀) | C1: Slope (θ₁) | D1: J(θ) | E1: ∂J/∂θ₀ | F1: ∂J/∂θ₁ | G1: Alpha | H1: 0.05
A2: 0 | B2: 0 | C2: 0 | D2: =SUMPRODUCT((B2+C2*Sheet1!$B$2:$B$10-Sheet1!$C$2:$C$10)^2)/$H$3+$H$2*C2^2 -> 21.916667 | E2: =2/$H$3*SUMPRODUCT(B2+C2*Sheet1!$B$2:$B$10-Sheet1!$C$2:$C$10) -> -6.1111111 | F2: =2/$H$3*SUMPRODUCT((B2+C2*Sheet1!$B$2:$B$10-Sheet1!$C$2:$C$10)*Sheet1!$B$2:$B$10)+2*$H$2*C2 -> -20.333333 | G2: Lambda | H2: 0
A3: 1 | B3: =B2-$H$1*E2 -> 0.30555556 | C3: =C2-$H$1*F2 -> 1.0166667 | D3: =SUMPRODUCT((B3+C3*Sheet1!$B$2:$B$10-Sheet1!$C$2:$C$10)^2)/$H$3+$H$2*C3^2 -> 7.6193904 | E3: =2/$H$3*SUMPRODUCT(B3+C3*Sheet1!$B$2:$B$10-Sheet1!$C$2:$C$10) -> -4.4833333 | F3: =2/$H$3*SUMPRODUCT((B3+C3*Sheet1!$B$2:$B$10-Sheet1!$C$2:$C$10)*Sheet1!$B$2:$B$10)+2*$H$2*C3 -> -4.6083333 | G3: Data Points | H3: =count(Sheet1!B2:B10) -> 9
A4: 2 | B4: =B3-$H$1*E3 -> 0.52972222 | C4: =C3-$H$1*F3 -> 1.2470833 | D4: =SUMPRODUCT((B4+C4*Sheet1!$B$2:$B$10-Sheet1!$C$2:$C$10)^2)/$H$3+$H$2*C4^2 -> 6.0570553 | E4: =2/$H$3*SUMPRODUCT(B4+C4*Sheet1!$B$2:$B$10-Sheet1!$C$2:$C$10) -> -3.8045833 | F4: =2/$H$3*SUMPRODUCT((B4+C4*Sheet1!$B$2:$B$10-Sheet1!$C$2:$C$10)*Sheet1!$B$2:$B$10)+2*$H$2*C4 -> -0.88951389
A5: 3 | B5: =B4-$H$1*E4 -> 0.71995139 | C5: =C4-$H$1*F4 -> 1.291559 | D5: =SUMPRODUCT((B5+C5*Sheet1!$B$2:$B$10-Sheet1!$C$2:$C$10)^2)/$H$3+$H$2*C5^2 -> 5.353399 | E5: =2/$H$3*SUMPRODUCT(B5+C5*Sheet1!$B$2:$B$10-Sheet1!$C$2:$C$10) -> -3.3796493 | F5: =2/$H$3*SUMPRODUCT((B5+C5*Sheet1!$B$2:$B$10-Sheet1!$C$2:$C$10)*Sheet1!$B$2:$B$10)+2*$H$2*C5 -> -0.02473669
A6: 4 | B6: =B5-$H$1*E5 -> 0.88893385 | C6: =C5-$H$1*F5 -> 1.2927959 | D6: =SUMPRODUCT((B6+C6*Sheet1!$B$2:$B$10-Sheet1!$C$2:$C$10)^2)/$H$3+$H$2*C6^2 -> 4.8110426 | E6: =2/$H$3*SUMPRODUCT(B6+C6*Sheet1!$B$2:$B$10-Sheet1!$C$2:$C$10) -> -3.0404475 | F6: =2/$H$3*SUMPRODUCT((B6+C6*Sheet1!$B$2:$B$10-Sheet1!$C$2:$C$10)*Sheet1!$B$2:$B$10)+2*$H$2*C6 -> 0.16300443
A7: 5 | B7: =B6-$H$1*E6 -> 1.0409562 | C7: =C6-$H$1*F6 -> 1.2846456 | D7: =SUMPRODUCT((B7+C7*Sheet1!$B$2:$B$10-Sheet1!$C$2:$C$10)^2)/$H$3+$H$2*C7^2 -> 4.3698736 | E7: =2/$H$3*SUMPRODUCT(B7+C7*Sheet1!$B$2:$B$10-Sheet1!$C$2:$C$10) -> -2.744553 | F7: =2/$H$3*SUMPRODUCT((B7+C7*Sheet1!$B$2:$B$10-Sheet1!$C$2:$C$10)*Sheet1!$B$2:$B$10)+2*$H$2*C7 -> 0.19141511
A8: 6 | B8: =B7-$H$1*E7 -> 1.1781839 | C8: =C7-$H$1*F7 -> 1.2750749 | D8: =SUMPRODUCT((B8+C8*Sheet1!$B$2:$B$10-Sheet1!$C$2:$C$10)^2)/$H$3+$H$2*C8^2 -> 4.0096257 | E8: =2/$H$3*SUMPRODUCT(B8+C8*Sheet1!$B$2:$B$10-Sheet1!$C$2:$C$10) -> -2.4796685 | F8: =2/$H$3*SUMPRODUCT((B8+C8*Sheet1!$B$2:$B$10-Sheet1!$C$2:$C$10)*Sheet1!$B$2:$B$10)+2*$H$2*C8 -> 0.1834863
A9: 7 | B9: =B8-$H$1*E8 -> 1.3021673 | C9: =C8-$H$1*F8 -> 1.2659006 | D9: =SUMPRODUCT((B9+C9*Sheet1!$B$2:$B$10-Sheet1!$C$2:$C$10)^2)/$H$3+$H$2*C9^2 -> 3.7153773 | E9: =2/$H$3*SUMPRODUCT(B9+C9*Sheet1!$B$2:$B$10-Sheet1!$C$2:$C$10) -> -2.2408759 | F9: =2/$H$3*SUMPRODUCT((B9+C9*Sheet1!$B$2:$B$10-Sheet1!$C$2:$C$10)*Sheet1!$B$2:$B$10)+2*$H$2*C9 -> 0.16832595
A10: 8 | B10: =B9-$H$1*E9 -> 1.4142111 | C10: =C9-$H$1*F9 -> 1.2574843 | D10: =SUMPRODUCT((B10+C10*Sheet1!$B$2:$B$10-Sheet1!$C$2:$C$10)^2)/$H$3+$H$2*C10^2 -> 3.4750323 | E10: =2/$H$3*SUMPRODUCT(B10+C10*Sheet1!$B$2:$B$10-Sheet1!$C$2:$C$10) -> -2.0252046 | F10: =2/$H$3*SUMPRODUCT((B10+C10*Sheet1!$B$2:$B$10-Sheet1!$C$2:$C$10)*Sheet1!$B$2:$B$10)+2*$H$2*C10 -> 0.15272257
A11: 9 | B11: =B10-$H$1*E10 -> 1.5154713 | C11: =C10-$H$1*F10 -> 1.2498481 | D11: =SUMPRODUCT((B11+C11*Sheet1!$B$2:$B$10-Sheet1!$C$2:$C$10)^2)/$H$3+$H$2*C11^2 -> 3.278716 | E11: =2/$H$3*SUMPRODUCT(B11+C11*Sheet1!$B$2:$B$10-Sheet1!$C$2:$C$10) -> -1.8303203 | F11: =2/$H$3*SUMPRODUCT((B11+C11*Sheet1!$B$2:$B$10-Sheet1!$C$2:$C$10)*Sheet1!$B$2:$B$10)+2*$H$2*C11 -> 0.13816819
A12: 10 | B12: =B11-$H$1*E11 -> 1.6069873 | C12: =C11-$H$1*F11 -> 1.2429397 | D12: =SUMPRODUCT((B12+C12*Sheet1!$B$2:$B$10-Sheet1!$C$2:$C$10)^2)/$H$3+$H$2*C12^2 -> 3.1183627 | E12: =2/$H$3*SUMPRODUCT(B12+C12*Sheet1!$B$2:$B$10-Sheet1!$C$2:$C$10) -> -1.6541967 | F12: =2/$H$3*SUMPRODUCT((B12+C12*Sheet1!$B$2:$B$10-Sheet1!$C$2:$C$10)*Sheet1!$B$2:$B$10)+2*$H$2*C12 -> 0.12490666
A13: 11 | B13: =B12-$H$1*E12 -> 1.6896972 | C13: =C12-$H$1*F12 -> 1.2366944 | D13: =SUMPRODUCT((B13+C13*Sheet1!$B$2:$B$10-Sheet1!$C$2:$C$10)^2)/$H$3+$H$2*C13^2 -> 2.9873845 | E13: =2/$H$3*SUMPRODUCT(B13+C13*Sheet1!$B$2:$B$10-Sheet1!$C$2:$C$10) -> -1.4950223 | F13: =2/$H$3*SUMPRODUCT((B13+C13*Sheet1!$B$2:$B$10-Sheet1!$C$2:$C$10)*Sheet1!$B$2:$B$10)+2*$H$2*C13 -> 0.11289561
A14: 12 | B14: =B13-$H$1*E13 -> 1.7644483 | C14: =C13-$H$1*F13 -> 1.2310496 | D14: =SUMPRODUCT((B14+C14*Sheet1!$B$2:$B$10-Sheet1!$C$2:$C$10)^2)/$H$3+$H$2*C14^2 -> 2.8804 | E14: =2/$H$3*SUMPRODUCT(B14+C14*Sheet1!$B$2:$B$10-Sheet1!$C$2:$C$10) -> -1.3511649 | F14: =2/$H$3*SUMPRODUCT((B14+C14*Sheet1!$B$2:$B$10-Sheet1!$C$2:$C$10)*Sheet1!$B$2:$B$10)+2*$H$2*C14 -> 0.10203422
A15: 13 | B15: =B14-$H$1*E14 -> 1.8320065 | C15: =C14-$H$1*F14 -> 1.2259479 | D15: =SUMPRODUCT((B15+C15*Sheet1!$B$2:$B$10-Sheet1!$C$2:$C$10)^2)/$H$3+$H$2*C15^2 -> 2.793014 | E15: =2/$H$3*SUMPRODUCT(B15+C15*Sheet1!$B$2:$B$10-Sheet1!$C$2:$C$10) -> -1.2211501 | F15: =2/$H$3*SUMPRODUCT((B15+C15*Sheet1!$B$2:$B$10-Sheet1!$C$2:$C$10)*Sheet1!$B$2:$B$10)+2*$H$2*C15 -> 0.092216515
... A202: 200 | B202: =B201-$H$1*E201 -> 2.4665404 | C202: =C201-$H$1*F201 -> 1.1780303 | D202: =SUMPRODUCT((B202+C202*Sheet1!$B$2:$B$10-Sheet1!$C$2:$C$10)^2)/$H$3+$H$2*C202^2 -> 2.403374 | E202: =2/$H$3*SUMPRODUCT(B202+C202*Sheet1!$B$2:$B$10-Sheet1!$C$2:$C$10) -> -7.4151962e-09 | F202: =2/$H$3*SUMPRODUCT((B202+C202*Sheet1!$B$2:$B$10-Sheet1!$C$2:$C$10)*Sheet1!$B$2:$B$10)+2*$H$2*C202 -> 5.5996644e-10
